{
    "page": {
        "title": "",
        "body": {
            "webFonts": [],
            "content": {
                "style": {
                    "font-family": "Arial, 'Helvetica Neue', Helvetica, sans-serif",
                    "color": "#000000"
                },
                "computedStyle": {
                    "messageBackgroundColor": "transparent",
                    "linkColor": "#7c4b96",
                    "messageWidth": "500px"
                }
            },
            "container": {
                "style": {
                    "background-color": "#FFFFFF"
                }
            },
            "type": "mailup-bee-page-properties"
        },
        "template": {
            "name": "template-base",
            "type": "basic",
            "version": "2.0.0"
        },
        "description": "",
        "rows": [
            {
                "container": {
                    "style": {
                        "background-image": "none",
                        "background-color": "#E5E5E5",
                        "background-position": "top left",
                        "background-repeat": "no-repeat"
                    }
                },
                "locked": false,
                "content": {
                    "style": {
                        "background-image": "none",
                        "background-position": "top left",
                        "width": "500px",
                        "background-color": "transparent",
                        "color": "#333",
                        "background-repeat": "no-repeat"
                    },
                    "computedStyle": {
                        "rowColStackOnMobile": true
                    }
                },
                "columns": [
                    {
                        "style": {
                            "padding-bottom": "15px",
                            "padding-right": "0px",
                            "background-color": "transparent",
                            "padding-top": "5px",
                            "border-bottom": "0px solid transparent",
                            "border-top": "0px solid transparent",
                            "border-left": "0px solid transparent",
                            "padding-left": "0px",
                            "border-right": "0px solid transparent"
                        },
                        "modules": [
                            {
                                "locked": false,
                                "type": "mailup-bee-newsletter-modules-image",
                                "descriptor": {
                                    "style": {
                                        "width": "100%",
                                        "padding-bottom": "10px",
                                        "padding-right": "10px",
                                        "padding-left": "10px",
                                        "padding-top": "10px"
                                    },
                                    "image": {
                                        "href": "https://beefree.io",
                                        "alt": "Image",
                                        "src": "https://dofdemfeqkgc0.cloudfront.net/template-images/bee/v.3/img/placeholder_logo_3.png"
                                    },
                                    "computedStyle": {
                                        "class": "center fixedwidth",
                                        "width": 187.5
                                    }
                                }
                            }
                        ],
                        "grid-columns": 6
                    },
                    {
                        "style": {
                            "padding-bottom": "15px",
                            "padding-right": "0px",
                            "background-color": "transparent",
                            "padding-top": "5px",
                            "border-bottom": "0px solid transparent",
                            "border-top": "0px solid transparent",
                            "border-left": "0px solid transparent",
                            "padding-left": "0px",
                            "border-right": "0px solid transparent"
                        },
                        "modules": [
                            {
                                "locked": false,
                                "type": "mailup-bee-newsletter-modules-divider",
                                "descriptor": {
                                    "style": {
                                        "padding-bottom": "0px",
                                        "padding-right": "0px",
                                        "padding-left": "0px",
                                        "padding-top": "0px"
                                    },
                                    "divider": {
                                        "style": {
                                            "border-top": "0px solid transparent",
                                            "height": "36px",
                                            "width": "100%"
                                        }
                                    },
                                    "computedStyle": {
                                        "hideContentOnMobile": true,
                                        "align": "center"
                                    }
                                }
                            },
                            {
                                "locked": false,
                                "type": "mailup-bee-newsletter-modules-text",
                                "descriptor": {
                                    "style": {
                                        "padding-bottom": "20px",
                                        "padding-right": "0px",
                                        "padding-left": "0px",
                                        "padding-top": "0px"
                                    },
                                    "computedStyle": {
                                        "hideContentOnMobile": false
                                    },
                                    "text": {
                                        "style": {
                                            "font-family": "inherit",
                                            "line-height": "150%",
                                            "color": "#7c4b96"
                                        },
                                        "html": "<div class=\"txtTinyMce-wrapper\" style=\"font-size: 12px; line-height: 18px;\" data-mce-style=\"font-size: 12px; line-height: 18px;\">\n<p style=\"font-size: 18px; line-height: 27px; text-align: center;\" data-mce-style=\"font-size: 18px; line-height: 27px; text-align: center;\"><strong><span style=\"font-size: 15px; line-height: 22px;\" data-mce-style=\"font-size: 15px; line-height: 22px;\"><span style=\"line-height: 22px; font-size: 15px;\" data-mce-style=\"line-height: 22px; font-size: 15px;\">Time for great email design</span></span></strong></p>\n</div>",
                                        "computedStyle": {
                                            "linkColor": "#7c4b96"
                                        }
                                    }
                                }
                            }
                        ],
                        "grid-columns": 6
                    }
                ],
                "type": "two-columns-empty"
            },
            {
                "container": {
                    "style": {
                        "background-image": "none",
                        "background-color": "#f3f3f3",
                        "background-position": "top left",
                        "background-repeat": "no-repeat"
                    }
                },
                "locked": false,
                "content": {
                    "style": {
                        "background-image": "none",
                        "background-position": "top left",
                        "width": "500px",
                        "background-color": "transparent",
                        "color": "#000000",
                        "background-repeat": "no-repeat"
                    },
                    "computedStyle": {
                        "rowColStackOnMobile": true
                    }
                },
                "columns": [
                    {
                        "style": {
                            "padding-bottom": "10px",
                            "padding-right": "10px",
                            "background-color": "transparent",
                            "padding-top": "10px",
                            "border-bottom": "0px solid transparent",
                            "border-top": "0px solid transparent",
                            "border-left": "0px solid transparent",
                            "padding-left": "10px",
                            "border-right": "0px solid transparent"
                        },
                        "modules": [
                            {
                                "locked": false,
                                "type": "mailup-bee-newsletter-modules-image",
                                "descriptor": {
                                    "style": {
                                        "width": "100%",
                                        "padding-bottom": "0px",
                                        "padding-right": "0px",
                                        "padding-left": "0px",
                                        "padding-top": "0px"
                                    },
                                    "image": {
                                        "href": "https://beefree.io",
                                        "alt": "Image",
                                        "src": "https://dofdemfeqkgc0.cloudfront.net/template-images/bee/v.3/img/placeholder_big_2.png"
                                    },
                                    "computedStyle": {
                                        "class": "center  autowidth  fullwidth",
                                        "width": 480
                                    }
                                }
                            }
                        ],
                        "grid-columns": 12
                    }
                ],
                "type": "one-column-empty"
            },
            {
                "container": {
                    "style": {
                        "background-image": "none",
                        "background-color": "transparent",
                        "background-position": "top left",
                        "background-repeat": "no-repeat"
                    }
                },
                "locked": false,
                "content": {
                    "style": {
                        "background-image": "none",
                        "background-position": "top left",
                        "width": "500px",
                        "background-color": "transparent",
                        "color": "#333",
                        "background-repeat": "no-repeat"
                    },
                    "computedStyle": {
                        "rowColStackOnMobile": true
                    }
                },
                "columns": [
                    {
                        "style": {
                            "padding-bottom": "30px",
                            "padding-right": "0px",
                            "background-color": "transparent",
                            "padding-top": "30px",
                            "border-bottom": "0px solid transparent",
                            "border-top": "0px solid transparent",
                            "border-left": "0px solid transparent",
                            "padding-left": "0px",
                            "border-right": "0px solid transparent"
                        },
                        "modules": [
                            {
                                "locked": false,
                                "type": "mailup-bee-newsletter-modules-text",
                                "descriptor": {
                                    "style": {
                                        "padding-bottom": "0px",
                                        "padding-right": "15px",
                                        "padding-left": "10px",
                                        "padding-top": "15px"
                                    },
                                    "computedStyle": {
                                        "hideContentOnMobile": false
                                    },
                                    "text": {
                                        "style": {
                                            "font-family": "inherit",
                                            "line-height": "120%",
                                            "color": "#2d2d2d"
                                        },
                                        "html": "<div class=\"txtTinyMce-wrapper\" style=\"font-size: 12px; line-height: 14px;\" data-mce-style=\"font-size: 12px; line-height: 14px;\">\n<p style=\"font-size: 14px; line-height: 16px;\" data-mce-style=\"font-size: 14px; line-height: 16px;\"><span style=\"font-size: 24px; line-height: 28px;\" data-mce-style=\"font-size: 24px; line-height: 28px;\"><strong><span style=\"line-height: 28px; font-size: 24px;\" data-mce-style=\"line-height: 28px; font-size: 24px;\">I'm a very important title</span></strong></span></p>\n</div>",
                                        "computedStyle": {
                                            "linkColor": "#7c4b96"
                                        }
                                    }
                                }
                            },
                            {
                                "locked": false,
                                "type": "mailup-bee-newsletter-modules-text",
                                "descriptor": {
                                    "style": {
                                        "padding-bottom": "5px",
                                        "padding-right": "15px",
                                        "padding-left": "10px",
                                        "padding-top": "5px"
                                    },
                                    "computedStyle": {
                                        "hideContentOnMobile": false
                                    },
                                    "text": {
                                        "style": {
                                            "font-family": "inherit",
                                            "line-height": "120%",
                                            "color": "#777777"
                                        },
                                        "html": "<div class=\"txtTinyMce-wrapper\" data-mce-style=\"font-size: 12px; line-height: 14px;\" style=\"font-size: 12px; line-height: 14px;\"><p style=\"font-size: 14px; line-height: 16px;\" data-mce-style=\"font-size: 14px; line-height: 16px;\"><span style=\"font-size: 16px; font-family: arial, helvetica, sans-serif; line-height: 19px;\" data-mce-style=\"font-size: 16px; font-family: arial, helvetica, sans-serif; line-height: 19px;\">I'm a subtitle: not as big as the title, but more descriptive</span></p></div>",
                                        "computedStyle": {
                                            "linkColor": "#7c4b96"
                                        }
                                    }
                                }
                            },
                            {
                                "locked": false,
                                "type": "mailup-bee-newsletter-modules-text",
                                "descriptor": {
                                    "style": {
                                        "padding-bottom": "10px",
                                        "padding-right": "15px",
                                        "padding-left": "10px",
                                        "padding-top": "15px"
                                    },
                                    "computedStyle": {
                                        "hideContentOnMobile": false
                                    },
                                    "text": {
                                        "style": {
                                            "font-family": "inherit",
                                            "line-height": "120%",
                                            "color": "#aaaaaa"
                                        },
                                        "html": "<div class=\"txtTinyMce-wrapper\" data-mce-style=\"font-size: 12px; line-height: 14px;\" style=\"font-size: 12px; line-height: 14px;\"><p style=\"font-size: 14px; line-height: 16px;\" data-mce-style=\"font-size: 14px; line-height: 16px;\">I'm a block of text and I like latin. Pellentesque vel dui sed orci faucibus iaculis. Suspendisse dictum magna id.</p></div>",
                                        "computedStyle": {
                                            "linkColor": "#7c4b96"
                                        }
                                    }
                                }
                            },
                            {
                                "locked": false,
                                "type": "mailup-bee-newsletter-modules-button",
                                "descriptor": {
                                    "style": {
                                        "padding-bottom": "10px",
                                        "padding-left": "10px",
                                        "padding-right": "10px",
                                        "padding-top": "15px",
                                        "text-align": "left"
                                    },
                                    "computedStyle": {
                                        "height": 42,
                                        "width": 115
                                    },
                                    "button": {
                                        "style": {
                                            "padding-right": "20px",
                                            "line-height": "200%",
                                            "padding-top": "5px",
                                            "width": "65%",
                                            "border-top": "0px solid transparent",
                                            "background-color": "#7c4b96",
                                            "border-right": "0px solid transparent",
                                            "max-width": "100%",
                                            "font-family": "inherit",
                                            "padding-bottom": "5px",
                                            "border-radius": "5px",
                                            "border-bottom": "0px solid transparent",
                                            "border-left": "0px solid transparent",
                                            "color": "#ffffff",
                                            "padding-left": "20px"
                                        },
                                        "label": "<div class=\"txtTinyMce-wrapper\" style=\"font-size: 12px; line-height: 24px;\">\n<p style=\"font-family: inherit; font-size: 16px; line-height: 32px;\">Read More</p>\n</div>",
                                        "href": ""
                                    }
                                }
                            }
                        ],
                        "grid-columns": 6
                    },
                    {
                        "style": {
                            "padding-bottom": "30px",
                            "padding-right": "10px",
                            "background-color": "transparent",
                            "padding-top": "30px",
                            "border-bottom": "0px solid transparent",
                            "border-top": "0px solid transparent",
                            "border-left": "0px solid transparent",
                            "padding-left": "10px",
                            "border-right": "0px solid transparent"
                        },
                        "modules": [
                            {
                                "locked": false,
                                "type": "mailup-bee-newsletter-modules-image",
                                "descriptor": {
                                    "style": {
                                        "width": "100%",
                                        "padding-bottom": "0px",
                                        "padding-right": "0px",
                                        "padding-left": "0px",
                                        "padding-top": "0px"
                                    },
                                    "image": {
                                        "href": "https://beefree.io",
                                        "alt": "Image",
                                        "src": "https://dofdemfeqkgc0.cloudfront.net/template-images/bee/v.3/img/placeholder_medium-h.png"
                                    },
                                    "computedStyle": {
                                        "class": "center  autowidth  fullwidth",
                                        "width": 230
                                    }
                                }
                            }
                        ],
                        "grid-columns": 6
                    }
                ],
                "type": "two-columns-empty"
            },
            {
                "container": {
                    "style": {
                        "background-image": "none",
                        "background-color": "#2d2d2d",
                        "background-position": "top left",
                        "background-repeat": "no-repeat"
                    }
                },
                "locked": false,
                "content": {
                    "style": {
                        "background-image": "none",
                        "background-position": "top left",
                        "width": "500px",
                        "background-color": "transparent",
                        "color": "#333",
                        "background-repeat": "no-repeat"
                    },
                    "computedStyle": {
                        "rowColStackOnMobile": true
                    }
                },
                "columns": [
                    {
                        "style": {
                            "padding-bottom": "25px",
                            "padding-right": "0px",
                            "background-color": "transparent",
                            "padding-top": "25px",
                            "border-bottom": "0px solid transparent",
                            "border-top": "0px solid transparent",
                            "border-left": "0px solid transparent",
                            "padding-left": "0px",
                            "border-right": "0px solid transparent"
                        },
                        "modules": [
                            {
                                "locked": false,
                                "type": "mailup-bee-newsletter-modules-social",
                                "descriptor": {
                                    "style": {
                                        "padding-bottom": "10px",
                                        "padding-left": "10px",
                                        "padding-right": "10px",
                                        "padding-top": "10px",
                                        "text-align": "center"
                                    },
                                    "computedStyle": {
                                        "iconsDefaultWidth": 32,
                                        "height": 52,
                                        "width": 151,
                                        "padding": "0 5px 0 0"
                                    },
                                    "iconsList": {
                                        "icons": [
                                            {
                                                "image": {
                                                    "title": "Facebook",
                                                    "prefix": "https://www.facebook.com/",
                                                    "href": "https://www.facebook.com/",
                                                    "alt": "Facebook",
                                                    "src": "https://dofdemfeqkgc0.cloudfront.net/template-images/bee/v.3/img/colored/facebook.png"
                                                },
                                                "name": "facebook",
                                                "type": "follow",
                                                "text": ""
                                            },
                                            {
                                                "image": {
                                                    "title": "Twitter",
                                                    "prefix": "http://twitter.com/",
                                                    "href": "http://twitter.com/",
                                                    "alt": "Twitter",
                                                    "src": "https://dofdemfeqkgc0.cloudfront.net/template-images/bee/v.3/img/colored/twitter.png"
                                                },
                                                "name": "twitter",
                                                "type": "follow",
                                                "text": ""
                                            },
                                            {
                                                "image": {
                                                    "title": "Instagram",
                                                    "prefix": "https://instagram.com/",
                                                    "href": "https://instagram.com/",
                                                    "alt": "Instagram",
                                                    "src": "https://dofdemfeqkgc0.cloudfront.net/template-images/bee/v.3/img/colored/instagram@2x.png"
                                                },
                                                "name": "instagram",
                                                "type": "follow",
                                                "text": ""
                                            }
                                        ]
                                    }
                                }
                            },
                            {
                                "locked": false,
                                "type": "mailup-bee-newsletter-modules-text",
                                "descriptor": {
                                    "style": {
                                        "padding-bottom": "10px",
                                        "padding-right": "10px",
                                        "padding-left": "10px",
                                        "padding-top": "10px"
                                    },
                                    "computedStyle": {
                                        "hideContentOnMobile": false
                                    },
                                    "text": {
                                        "style": {
                                            "font-family": "inherit",
                                            "line-height": "120%",
                                            "color": "#bbbbbb"
                                        },
                                        "html": "<div class=\"txtTinyMce-wrapper\" style=\"font-size: 12px; line-height: 14px;\" data-mce-style=\"font-size: 12px; line-height: 14px;\">\n<p style=\"font-size: 18px; line-height: 21px; text-align: center;\" data-mce-style=\"font-size: 18px; line-height: 21px; text-align: center;\"><span style=\"font-size: 14px; line-height: 16px;\" data-mce-style=\"font-size: 14px; line-height: 16px;\">This is a sample template from BEE free email editor</span><br><span style=\"font-size: 14px; line-height: 16px;\" data-mce-style=\"font-size: 14px; line-height: 16px;\">Visit <span style=\"text-decoration: underline; line-height: 16px; font-size: 14px; color: rgb(255, 255, 255);\" data-mce-style=\"text-decoration: underline; line-height: 16px; font-size: 14px; color: rgb(255, 255, 255);\"><a style=\"color: #ffffff; text-decoration: underline;\" href=\"https://beefree.io\" target=\"_blank\" rel=\"noopener\">beefree.io</a></span>&nbsp;to create beautiful and rich email messages at no cost.</span></p>\n</div>",
                                        "computedStyle": {
                                            "linkColor": "#7c4b96"
                                        }
                                    }
                                }
                            }
                        ],
                        "grid-columns": 12
                    }
                ],
                "type": "one-column-empty"
            }
        ]
    }
}
