{
    "page": {
        "description": "BF-ecommerce-template",
        "template": {
            "name": "template-base",
            "type": "basic",
            "version": "2.0.0"
        },
        "title": "BF-ecommerce-template",
        "rows": [
            {
                "container": {
                    "style": {
                        "background-image": "none",
                        "background-color": "#543098",
                        "background-position": "top left",
                        "background-repeat": "no-repeat"
                    }
                },
                "locked": false,
                "content": {
                    "style": {
                        "background-image": "none",
                        "background-position": "top left",
                        "width": "675px",
                        "background-color": "transparent",
                        "color": "#333",
                        "background-repeat": "no-repeat"
                    },
                    "computedStyle": {
                        "rowColStackOnMobile": true
                    }
                },
                "columns": [
                    {
                        "style": {
                            "padding-bottom": "0px",
                            "padding-right": "0px",
                            "background-color": "transparent",
                            "padding-top": "30px",
                            "border-bottom": "0px solid transparent",
                            "border-top": "0px solid transparent",
                            "border-left": "0px solid transparent",
                            "padding-left": "0px",
                            "border-right": "0px solid transparent"
                        },
                        "modules": [
                            {
                                "locked": false,
                                "type": "mailup-bee-newsletter-modules-image",
                                "descriptor": {
                                    "style": {
                                        "width": "100%",
                                        "padding-bottom": "0px",
                                        "padding-right": "15px",
                                        "padding-left": "15px",
                                        "padding-top": "5px"
                                    },
                                    "image": {
                                        "href": "https://beefree.io",
                                        "alt": "Image",
                                        "src": "https://dofdemfeqkgc0.cloudfront.net/template-images/bee/v.3/img/logo_1.png"
                                    },
                                    "computedStyle": {
                                        "class": "center fixedwidth",
                                        "width": 338
                                    }
                                }
                            },
                            {
                                "locked": false,
                                "type": "mailup-bee-newsletter-modules-divider",
                                "descriptor": {
                                    "style": {
                                        "padding-bottom": "10px",
                                        "padding-right": "10px",
                                        "padding-left": "10px",
                                        "padding-top": "10px"
                                    },
                                    "divider": {
                                        "style": {
                                            "border-top": "0px solid transparent",
                                            "height": "20px",
                                            "width": "100%"
                                        }
                                    },
                                    "computedStyle": {
                                        "hideContentOnMobile": true,
                                        "align": "center"
                                    }
                                }
                            }
                        ],
                        "grid-columns": 6
                    },
                    {
                        "style": {
                            "padding-bottom": "20px",
                            "padding-right": "0px",
                            "background-color": "transparent",
                            "padding-top": "30px",
                            "border-bottom": "0px solid transparent",
                            "border-top": "0px solid transparent",
                            "border-left": "0px solid transparent",
                            "padding-left": "0px",
                            "border-right": "0px solid transparent"
                        },
                        "modules": [
                            {
                                "locked": false,
                                "type": "mailup-bee-newsletter-modules-divider",
                                "descriptor": {
                                    "style": {
                                        "padding-bottom": "0px",
                                        "padding-right": "0px",
                                        "padding-left": "0px",
                                        "padding-top": "0px"
                                    },
                                    "divider": {
                                        "style": {
                                            "border-top": "0px solid transparent",
                                            "height": "32px",
                                            "width": "100%"
                                        }
                                    },
                                    "computedStyle": {
                                        "hideContentOnMobile": true,
                                        "align": "center"
                                    }
                                }
                            },
                            {
                                "locked": false,
                                "type": "mailup-bee-newsletter-modules-text",
                                "descriptor": {
                                    "style": {
                                        "padding-bottom": "15px",
                                        "padding-right": "10px",
                                        "padding-left": "10px",
                                        "padding-top": "0px"
                                    },
                                    "computedStyle": {
                                        "hideContentOnMobile": true
                                    },
                                    "text": {
                                        "style": {
                                            "font-family": "'Montserrat', 'Trebuchet MS', 'Lucida Grande', 'Lucida Sans Unicode', 'Lucida Sans', Tahoma, sans-serif",
                                            "line-height": "150%",
                                            "color": "#FFFFFF"
                                        },
                                        "html": "<div class=\"txtTinyMce-wrapper\" style=\"font-family: Montserrat, &quot;Trebuchet MS&quot;, &quot;Lucida Grande&quot;, &quot;Lucida Sans Unicode&quot;, &quot;Lucida Sans&quot;, Tahoma, sans-serif; font-size: 12px; line-height: 18px;\" data-mce-style=\"font-family: Montserrat, &quot;Trebuchet MS&quot;, &quot;Lucida Grande&quot;, &quot;Lucida Sans Unicode&quot;, &quot;Lucida Sans&quot;, Tahoma, sans-serif; font-size: 12px; line-height: 18px;\">\n<div style=\"line-height: 18px; font-size: 12px; text-align: center;\" data-mce-style=\"line-height: 18px; font-size: 12px; text-align: center;\"><span style=\"font-size: 18px; line-height: 27px;\" data-mce-style=\"font-size: 18px; line-height: 27px;\"><strong><span style=\"line-height: 27px; font-size: 18px;\" data-mce-style=\"line-height: 27px; font-size: 18px;\">ANY DEVICE, ANYWHERE, FAST.</span></strong></span></div>\n</div>",
                                        "computedStyle": {
                                            "linkColor": "#CF66FF"
                                        }
                                    }
                                }
                            }
                        ],
                        "grid-columns": 6
                    }
                ],
                "type": "two-columns-empty"
            },
            {
                "container": {
                    "style": {
                        "background-image": "url('img/bg-blue-violet_1.png')",
                        "background-color": "#57429C",
                        "background-position": "top center",
                        "background-repeat": "no-repeat"
                    }
                },
                "locked": false,
                "content": {
                    "style": {
                        "background-image": "none",
                        "background-position": "top left",
                        "width": "675px",
                        "background-color": "transparent",
                        "color": "#000000",
                        "background-repeat": "no-repeat"
                    },
                    "computedStyle": {
                        "rowColStackOnMobile": true
                    }
                },
                "columns": [
                    {
                        "style": {
                            "padding-bottom": "50px",
                            "padding-right": "0px",
                            "background-color": "transparent",
                            "padding-top": "0px",
                            "border-bottom": "0px solid transparent",
                            "border-top": "0px solid transparent",
                            "border-left": "0px solid transparent",
                            "padding-left": "0px",
                            "border-right": "0px solid transparent"
                        },
                        "modules": [
                            {
                                "locked": false,
                                "type": "mailup-bee-newsletter-modules-divider",
                                "descriptor": {
                                    "style": {
                                        "padding-bottom": "10px",
                                        "padding-right": "10px",
                                        "padding-left": "10px",
                                        "padding-top": "10px"
                                    },
                                    "divider": {
                                        "style": {
                                            "border-top": "10px solid transparent",
                                            "height": "0px",
                                            "width": "100%"
                                        }
                                    },
                                    "computedStyle": {
                                        "align": "center"
                                    }
                                }
                            },
                            {
                                "locked": false,
                                "type": "mailup-bee-newsletter-modules-text",
                                "descriptor": {
                                    "style": {
                                        "padding-bottom": "0px",
                                        "padding-right": "0px",
                                        "padding-left": "0px",
                                        "padding-top": "30px"
                                    },
                                    "computedStyle": {
                                        "hideContentOnMobile": false
                                    },
                                    "text": {
                                        "style": {
                                            "font-family": "'Montserrat', 'Trebuchet MS', 'Lucida Grande', 'Lucida Sans Unicode', 'Lucida Sans', Tahoma, sans-serif",
                                            "line-height": "120%",
                                            "color": "#ffffff"
                                        },
                                        "html": "<div class=\"txtTinyMce-wrapper\" style=\"font-size: 12px; line-height: 14px; font-family: Montserrat, &quot;Trebuchet MS&quot;, &quot;Lucida Grande&quot;, &quot;Lucida Sans Unicode&quot;, &quot;Lucida Sans&quot;, Tahoma, sans-serif;\" data-mce-style=\"font-size: 12px; line-height: 14px; font-family: Montserrat, &quot;Trebuchet MS&quot;, &quot;Lucida Grande&quot;, &quot;Lucida Sans Unicode&quot;, &quot;Lucida Sans&quot;, Tahoma, sans-serif;\">\n<p style=\"font-size: 14px; line-height: 16px; text-align: center;\" data-mce-style=\"font-size: 14px; line-height: 16px; text-align: center;\"><span style=\"font-size: 28px; line-height: 33px;\" data-mce-style=\"font-size: 28px; line-height: 33px;\">INTRODUCING</span><strong><span style=\"font-size: 28px; line-height: 33px;\" data-mce-style=\"font-size: 28px; line-height: 33px;\"><br></span><span style=\"font-size: 80px; line-height: 96px;\" data-mce-style=\"font-size: 80px; line-height: 96px;\"><span style=\"line-height: 96px; font-size: 80px;\" data-mce-style=\"line-height: 96px; font-size: 80px;\">HACKISTER3</span></span></strong></p>\n</div>",
                                        "computedStyle": {
                                            "linkColor": "#CF66FF"
                                        }
                                    }
                                }
                            },
                            {
                                "locked": false,
                                "type": "mailup-bee-newsletter-modules-divider",
                                "descriptor": {
                                    "style": {
                                        "padding-bottom": "0px",
                                        "padding-right": "0px",
                                        "padding-left": "0px",
                                        "padding-top": "0px"
                                    },
                                    "divider": {
                                        "style": {
                                            "border-top": "10px solid transparent",
                                            "height": "0px",
                                            "width": "100%"
                                        }
                                    },
                                    "computedStyle": {
                                        "align": "center"
                                    }
                                }
                            },
                            {
                                "locked": false,
                                "type": "mailup-bee-newsletter-modules-image",
                                "descriptor": {
                                    "style": {
                                        "width": "100%",
                                        "padding-bottom": "20px",
                                        "padding-right": "20px",
                                        "padding-left": "20px",
                                        "padding-top": "20px"
                                    },
                                    "image": {
                                        "href": "https://beefree.io",
                                        "alt": "rocket",
                                        "src": "https://dofdemfeqkgc0.cloudfront.net/template-images/bee/v.3/img/rocket-color.png"
                                    },
                                    "computedStyle": {
                                        "class": "center fixedwidth",
                                        "width": 371.25000000000006
                                    }
                                }
                            }
                        ],
                        "grid-columns": 12
                    }
                ],
                "type": "one-column-empty"
            },
            {
                "container": {
                    "style": {
                        "background-image": "none",
                        "background-color": "#F4F4FF",
                        "background-position": "top left",
                        "background-repeat": "no-repeat"
                    }
                },
                "locked": false,
                "content": {
                    "style": {
                        "background-image": "none",
                        "background-position": "top left",
                        "width": "675px",
                        "background-color": "transparent",
                        "color": "#333",
                        "background-repeat": "no-repeat"
                    },
                    "computedStyle": {
                        "rowColStackOnMobile": true
                    }
                },
                "columns": [
                    {
                        "style": {
                            "padding-bottom": "30px",
                            "padding-right": "0px",
                            "background-color": "transparent",
                            "padding-top": "30px",
                            "border-bottom": "0px solid transparent",
                            "border-top": "0px solid transparent",
                            "border-left": "0px solid transparent",
                            "padding-left": "0px",
                            "border-right": "0px solid transparent"
                        },
                        "modules": [
                            {
                                "locked": false,
                                "type": "mailup-bee-newsletter-modules-text",
                                "descriptor": {
                                    "style": {
                                        "padding-bottom": "10px",
                                        "padding-right": "10px",
                                        "padding-left": "10px",
                                        "padding-top": "35px"
                                    },
                                    "computedStyle": {
                                        "hideContentOnMobile": false
                                    },
                                    "text": {
                                        "style": {
                                            "font-family": "'Montserrat', 'Trebuchet MS', 'Lucida Grande', 'Lucida Sans Unicode', 'Lucida Sans', Tahoma, sans-serif",
                                            "line-height": "120%",
                                            "color": "#CF66FF"
                                        },
                                        "html": "<div class=\"txtTinyMce-wrapper\" style=\"font-family: Montserrat, &quot;Trebuchet MS&quot;, &quot;Lucida Grande&quot;, &quot;Lucida Sans Unicode&quot;, &quot;Lucida Sans&quot;, Tahoma, sans-serif; font-size: 12px; line-height: 14px;\" data-mce-style=\"font-family: Montserrat, &quot;Trebuchet MS&quot;, &quot;Lucida Grande&quot;, &quot;Lucida Sans Unicode&quot;, &quot;Lucida Sans&quot;, Tahoma, sans-serif; font-size: 12px; line-height: 14px;\">\n<p style=\"font-size: 18px; line-height: 21px; text-align: center;\" data-mce-style=\"font-size: 18px; line-height: 21px; text-align: center;\"><span style=\"font-size: 34px; line-height: 40px;\" data-mce-style=\"font-size: 34px; line-height: 40px;\">The <strong>fake</strong> <strong>app</strong> for <br><strong>real-time</strong> collaboration</span></p>\n</div>",
                                        "computedStyle": {
                                            "linkColor": "#CF66FF"
                                        }
                                    }
                                }
                            },
                            {
                                "locked": false,
                                "type": "mailup-bee-newsletter-modules-text",
                                "descriptor": {
                                    "style": {
                                        "padding-bottom": "30px",
                                        "padding-right": "10px",
                                        "padding-left": "10px",
                                        "padding-top": "10px"
                                    },
                                    "computedStyle": {
                                        "hideContentOnMobile": false
                                    },
                                    "text": {
                                        "style": {
                                            "font-family": "'Montserrat', 'Trebuchet MS', 'Lucida Grande', 'Lucida Sans Unicode', 'Lucida Sans', Tahoma, sans-serif",
                                            "line-height": "120%",
                                            "color": "#4A4A4A"
                                        },
                                        "html": "<div class=\"txtTinyMce-wrapper\" style=\"font-size: 12px; line-height: 14px; font-family: Montserrat, &quot;Trebuchet MS&quot;, &quot;Lucida Grande&quot;, &quot;Lucida Sans Unicode&quot;, &quot;Lucida Sans&quot;, Tahoma, sans-serif;\" data-mce-style=\"font-size: 12px; line-height: 14px; font-family: Montserrat, &quot;Trebuchet MS&quot;, &quot;Lucida Grande&quot;, &quot;Lucida Sans Unicode&quot;, &quot;Lucida Sans&quot;, Tahoma, sans-serif;\">\n<p style=\"font-size: 14px; line-height: 16px; text-align: center;\" data-mce-style=\"font-size: 14px; line-height: 16px; text-align: center;\"><span style=\"line-height: 21px; font-size: 18px;\" data-mce-style=\"line-height: 21px; font-size: 18px;\">Aenean eu leo quam. Pellentesque ornare sem </span></p>\n<p style=\"font-size: 14px; line-height: 16px; text-align: center;\" data-mce-style=\"font-size: 14px; line-height: 16px; text-align: center;\"><span style=\"line-height: 21px; font-size: 18px;\" data-mce-style=\"line-height: 21px; font-size: 18px;\">lacinia quam venenatis vestibulum. </span></p>\n<p style=\"font-size: 14px; line-height: 16px; text-align: center;\" data-mce-style=\"font-size: 14px; line-height: 16px; text-align: center;\"><span style=\"line-height: 21px; font-size: 18px;\" data-mce-style=\"line-height: 21px; font-size: 18px;\">Donec sed odio dui.</span></p>\n</div>",
                                        "computedStyle": {
                                            "linkColor": "#CF66FF"
                                        }
                                    }
                                }
                            },
                            {
                                "locked": false,
                                "type": "mailup-bee-newsletter-modules-button",
                                "descriptor": {
                                    "style": {
                                        "padding-bottom": "10px",
                                        "padding-left": "10px",
                                        "padding-right": "10px",
                                        "padding-top": "15px",
                                        "text-align": "center"
                                    },
                                    "computedStyle": {
                                        "height": 46,
                                        "width": 195
                                    },
                                    "button": {
                                        "style": {
                                            "padding-right": "20px",
                                            "line-height": "200%",
                                            "padding-top": "5px",
                                            "width": "35%",
                                            "border-top": "0px solid transparent",
                                            "background-color": "#CF66FF",
                                            "border-right": "0px solid transparent",
                                            "max-width": "100%",
                                            "font-family": "'Montserrat', 'Trebuchet MS', 'Lucida Grande', 'Lucida Sans Unicode', 'Lucida Sans', Tahoma, sans-serif",
                                            "padding-bottom": "5px",
                                            "border-radius": "25px",
                                            "border-bottom": "0px solid transparent",
                                            "border-left": "0px solid transparent",
                                            "color": "#ffffff",
                                            "padding-left": "20px"
                                        },
                                        "label": "<div class=\"txtTinyMce-wrapper\" style=\"font-size: 12px; line-height: 24px; font-family: Montserrat, 'Trebuchet MS', 'Lucida Grande', 'Lucida Sans Unicode', 'Lucida Sans', Tahoma, sans-serif;\">\n<p style=\"font-family: inherit; font-size: 16px; line-height: 32px;\"><span style=\"font-size: 16px; line-height: 32px;\"><span style=\"font-size: 18px; line-height: 36px;\">SHOW MORE</span></span></p>\n</div>",
                                        "href": ""
                                    }
                                }
                            },
                            {
                                "locked": false,
                                "type": "mailup-bee-newsletter-modules-divider",
                                "descriptor": {
                                    "style": {
                                        "padding-bottom": "10px",
                                        "padding-right": "10px",
                                        "padding-left": "10px",
                                        "padding-top": "10px"
                                    },
                                    "divider": {
                                        "style": {
                                            "border-top": "0px solid transparent",
                                            "height": "15px",
                                            "width": "100%"
                                        }
                                    },
                                    "computedStyle": {
                                        "align": "center"
                                    }
                                }
                            }
                        ],
                        "grid-columns": 12
                    }
                ],
                "type": "one-column-empty"
            },
            {
                "container": {
                    "style": {
                        "background-image": "none",
                        "background-color": "transparent",
                        "background-position": "top left",
                        "background-repeat": "no-repeat"
                    }
                },
                "locked": false,
                "content": {
                    "style": {
                        "background-image": "none",
                        "background-position": "top left",
                        "width": "675px",
                        "background-color": "transparent",
                        "color": "#000000",
                        "background-repeat": "no-repeat"
                    },
                    "computedStyle": {
                        "rowColStackOnMobile": true
                    }
                },
                "columns": [
                    {
                        "style": {
                            "padding-bottom": "5px",
                            "padding-right": "0px",
                            "background-color": "transparent",
                            "padding-top": "5px",
                            "border-bottom": "0px solid transparent",
                            "border-top": "0px solid transparent",
                            "border-left": "0px solid transparent",
                            "padding-left": "0px",
                            "border-right": "0px solid transparent"
                        },
                        "modules": [
                            {
                                "locked": false,
                                "type": "mailup-bee-newsletter-modules-divider",
                                "descriptor": {
                                    "style": {
                                        "padding-bottom": "10px",
                                        "padding-right": "10px",
                                        "padding-left": "10px",
                                        "padding-top": "10px"
                                    },
                                    "divider": {
                                        "style": {
                                            "border-top": "0px solid transparent",
                                            "height": "45px",
                                            "width": "100%"
                                        }
                                    },
                                    "computedStyle": {
                                        "hideContentOnMobile": false,
                                        "align": "center"
                                    }
                                }
                            }
                        ],
                        "grid-columns": 12
                    }
                ],
                "type": "one-column-empty"
            },
            {
                "container": {
                    "style": {
                        "background-image": "none",
                        "background-color": "transparent",
                        "background-position": "top left",
                        "background-repeat": "no-repeat"
                    }
                },
                "locked": false,
                "content": {
                    "style": {
                        "background-image": "none",
                        "background-position": "top left",
                        "width": "675px",
                        "background-color": "transparent",
                        "color": "#333",
                        "background-repeat": "no-repeat"
                    },
                    "computedStyle": {
                        "rowColStackOnMobile": true
                    }
                },
                "columns": [
                    {
                        "style": {
                            "padding-bottom": "5px",
                            "padding-right": "0px",
                            "background-color": "transparent",
                            "padding-top": "5px",
                            "border-bottom": "0px solid transparent",
                            "border-top": "0px solid transparent",
                            "border-left": "0px solid transparent",
                            "padding-left": "0px",
                            "border-right": "0px solid transparent"
                        },
                        "modules": [
                            {
                                "locked": false,
                                "type": "mailup-bee-newsletter-modules-divider",
                                "descriptor": {
                                    "style": {
                                        "padding-bottom": "10px",
                                        "padding-right": "10px",
                                        "padding-left": "10px",
                                        "padding-top": "10px"
                                    },
                                    "divider": {
                                        "style": {
                                            "border-top": "0px solid transparent",
                                            "height": "50px",
                                            "width": "100%"
                                        }
                                    },
                                    "computedStyle": {
                                        "hideContentOnMobile": true,
                                        "align": "center"
                                    }
                                }
                            },
                            {
                                "locked": false,
                                "type": "mailup-bee-newsletter-modules-text",
                                "descriptor": {
                                    "style": {
                                        "padding-bottom": "10px",
                                        "padding-right": "30px",
                                        "padding-left": "30px",
                                        "padding-top": "10px"
                                    },
                                    "computedStyle": {
                                        "hideContentOnMobile": false
                                    },
                                    "text": {
                                        "style": {
                                            "font-family": "'Montserrat', 'Trebuchet MS', 'Lucida Grande', 'Lucida Sans Unicode', 'Lucida Sans', Tahoma, sans-serif",
                                            "line-height": "120%",
                                            "color": "#57429C"
                                        },
                                        "html": "<div class=\"txtTinyMce-wrapper\" style=\"font-size: 12px; line-height: 14px; font-family: Montserrat, &quot;Trebuchet MS&quot;, &quot;Lucida Grande&quot;, &quot;Lucida Sans Unicode&quot;, &quot;Lucida Sans&quot;, Tahoma, sans-serif;\" data-mce-style=\"font-size: 12px; line-height: 14px; font-family: Montserrat, &quot;Trebuchet MS&quot;, &quot;Lucida Grande&quot;, &quot;Lucida Sans Unicode&quot;, &quot;Lucida Sans&quot;, Tahoma, sans-serif;\">\n<p style=\"font-size: 18px; line-height: 21px; text-align: left;\" data-mce-style=\"font-size: 18px; line-height: 21px; text-align: left;\"><span style=\"font-size: 22px; line-height: 26px;\" data-mce-style=\"font-size: 22px; line-height: 26px;\"><strong>Mobile&nbsp;Friendly</strong></span></p>\n</div>",
                                        "computedStyle": {
                                            "linkColor": "#CF66FF"
                                        }
                                    }
                                }
                            },
                            {
                                "locked": false,
                                "type": "mailup-bee-newsletter-modules-text",
                                "descriptor": {
                                    "style": {
                                        "padding-bottom": "20px",
                                        "padding-right": "30px",
                                        "padding-left": "30px",
                                        "padding-top": "20px"
                                    },
                                    "computedStyle": {
                                        "hideContentOnMobile": false
                                    },
                                    "text": {
                                        "style": {
                                            "font-family": "'Montserrat', 'Trebuchet MS', 'Lucida Grande', 'Lucida Sans Unicode', 'Lucida Sans', Tahoma, sans-serif",
                                            "line-height": "150%",
                                            "color": "#9D9DA1"
                                        },
                                        "html": "<div class=\"txtTinyMce-wrapper\" style=\"font-family: Montserrat, &quot;Trebuchet MS&quot;, &quot;Lucida Grande&quot;, &quot;Lucida Sans Unicode&quot;, &quot;Lucida Sans&quot;, Tahoma, sans-serif; font-size: 12px; line-height: 18px;\" data-mce-style=\"font-family: Montserrat, &quot;Trebuchet MS&quot;, &quot;Lucida Grande&quot;, &quot;Lucida Sans Unicode&quot;, &quot;Lucida Sans&quot;, Tahoma, sans-serif; font-size: 12px; line-height: 18px;\">\n<p style=\"font-size: 14px; line-height: 21px; text-align: left;\" data-mce-style=\"font-size: 14px; line-height: 21px; text-align: left;\"><span style=\"font-size: 15px; line-height: 22px;\" data-mce-style=\"font-size: 15px; line-height: 22px;\">Aenean eu leo quam. </span></p>\n<p style=\"font-size: 14px; line-height: 21px; text-align: left;\" data-mce-style=\"font-size: 14px; line-height: 21px; text-align: left;\"><span style=\"font-size: 15px; line-height: 22px;\" data-mce-style=\"font-size: 15px; line-height: 22px;\">Pellentesque ornare sem lacinia quam venenatis vestibulum. </span></p>\n<p style=\"font-size: 14px; line-height: 21px; text-align: left;\" data-mce-style=\"font-size: 14px; line-height: 21px; text-align: left;\"><span style=\"font-size: 15px; line-height: 22px;\" data-mce-style=\"font-size: 15px; line-height: 22px;\">Donec sed odio dui.</span></p>\n</div>",
                                        "computedStyle": {
                                            "linkColor": "#CF66FF"
                                        }
                                    }
                                }
                            },
                            {
                                "locked": false,
                                "type": "mailup-bee-newsletter-modules-button",
                                "descriptor": {
                                    "style": {
                                        "padding-bottom": "25px",
                                        "padding-left": "30px",
                                        "padding-right": "10px",
                                        "padding-top": "15px",
                                        "text-align": "left"
                                    },
                                    "computedStyle": {
                                        "height": 42,
                                        "width": 81
                                    },
                                    "button": {
                                        "style": {
                                            "padding-right": "20px",
                                            "line-height": "200%",
                                            "padding-top": "5px",
                                            "width": "auto",
                                            "border-top": "0px solid transparent",
                                            "background-color": "#CF66FF",
                                            "border-right": "0px solid transparent",
                                            "max-width": "100%",
                                            "font-family": "'Montserrat', 'Trebuchet MS', 'Lucida Grande', 'Lucida Sans Unicode', 'Lucida Sans', Tahoma, sans-serif",
                                            "padding-bottom": "5px",
                                            "border-radius": "25px",
                                            "border-bottom": "0px solid transparent",
                                            "border-left": "0px solid transparent",
                                            "color": "#ffffff",
                                            "padding-left": "20px"
                                        },
                                        "label": "<div class=\"txtTinyMce-wrapper\" style=\"font-size: 12px; line-height: 24px; font-family: Montserrat, 'Trebuchet MS', 'Lucida Grande', 'Lucida Sans Unicode', 'Lucida Sans', Tahoma, sans-serif;\">\n<p style=\"font-family: inherit; font-size: 16px; line-height: 32px;\"><span style=\"font-size: 14px; line-height: 28px;\">SHOW MORE</span></p>\n</div>",
                                        "href": ""
                                    }
                                }
                            }
                        ],
                        "grid-columns": 6
                    },
                    {
                        "style": {
                            "padding-bottom": "5px",
                            "padding-right": "0px",
                            "background-color": "transparent",
                            "padding-top": "5px",
                            "border-bottom": "0px solid transparent",
                            "border-top": "0px solid transparent",
                            "border-left": "0px solid transparent",
                            "padding-left": "0px",
                            "border-right": "0px solid transparent"
                        },
                        "modules": [
                            {
                                "locked": false,
                                "type": "mailup-bee-newsletter-modules-image",
                                "descriptor": {
                                    "style": {
                                        "width": "100%",
                                        "padding-bottom": "0px",
                                        "padding-right": "0px",
                                        "padding-left": "0px",
                                        "padding-top": "0px"
                                    },
                                    "image": {
                                        "href": "",
                                        "alt": "Image",
                                        "src": "https://dofdemfeqkgc0.cloudfront.net/template-images/bee/v.3/img/hand-smartphonex.png"
                                    },
                                    "computedStyle": {
                                        "class": "center fixedwidth",
                                        "hideContentOnMobile": false,
                                        "width": 185.9
                                    }
                                }
                            }
                        ],
                        "grid-columns": 6
                    }
                ],
                "type": "two-columns-empty"
            },
            {
                "container": {
                    "style": {
                        "background-image": "none",
                        "background-color": "transparent",
                        "background-position": "top left",
                        "background-repeat": "no-repeat"
                    }
                },
                "locked": false,
                "content": {
                    "style": {
                        "background-image": "none",
                        "background-position": "top left",
                        "width": "675px",
                        "background-color": "transparent",
                        "color": "#000000",
                        "background-repeat": "no-repeat"
                    },
                    "computedStyle": {
                        "rowColStackOnMobile": true
                    }
                },
                "columns": [
                    {
                        "style": {
                            "padding-bottom": "5px",
                            "padding-right": "0px",
                            "background-color": "transparent",
                            "padding-top": "5px",
                            "border-bottom": "0px solid transparent",
                            "border-top": "0px solid transparent",
                            "border-left": "0px solid transparent",
                            "padding-left": "0px",
                            "border-right": "0px solid transparent"
                        },
                        "modules": [
                            {
                                "locked": false,
                                "type": "mailup-bee-newsletter-modules-divider",
                                "descriptor": {
                                    "style": {
                                        "padding-bottom": "10px",
                                        "padding-right": "10px",
                                        "padding-left": "10px",
                                        "padding-top": "10px"
                                    },
                                    "divider": {
                                        "style": {
                                            "border-top": "0px solid transparent",
                                            "height": "45px",
                                            "width": "100%"
                                        }
                                    },
                                    "computedStyle": {
                                        "hideContentOnMobile": false,
                                        "align": "center"
                                    }
                                }
                            }
                        ],
                        "grid-columns": 12
                    }
                ],
                "type": "one-column-empty"
            },
            {
                "container": {
                    "style": {
                        "background-image": "none",
                        "background-color": "#F4F4FD",
                        "background-position": "top left",
                        "background-repeat": "no-repeat"
                    }
                },
                "locked": false,
                "content": {
                    "style": {
                        "background-image": "none",
                        "background-position": "top left",
                        "width": "675px",
                        "background-color": "transparent",
                        "color": "#333",
                        "background-repeat": "no-repeat"
                    },
                    "computedStyle": {
                        "rowColStackOnMobile": true
                    }
                },
                "columns": [
                    {
                        "style": {
                            "padding-bottom": "30px",
                            "padding-right": "0px",
                            "background-color": "transparent",
                            "padding-top": "30px",
                            "border-bottom": "0px solid transparent",
                            "border-top": "0px solid transparent",
                            "border-left": "0px solid transparent",
                            "padding-left": "0px",
                            "border-right": "0px solid transparent"
                        },
                        "modules": [
                            {
                                "locked": false,
                                "type": "mailup-bee-newsletter-modules-social",
                                "descriptor": {
                                    "style": {
                                        "padding-bottom": "10px",
                                        "padding-left": "10px",
                                        "padding-right": "10px",
                                        "padding-top": "10px",
                                        "text-align": "center"
                                    },
                                    "computedStyle": {
                                        "iconsDefaultWidth": 32,
                                        "height": 57,
                                        "width": 151,
                                        "padding": "0 5px 5px 0"
                                    },
                                    "iconsList": {
                                        "icons": [
                                            {
                                                "image": {
                                                    "title": "Facebook",
                                                    "prefix": "https://www.facebook.com/",
                                                    "href": "https://www.facebook.com/",
                                                    "alt": "Facebook",
                                                    "src": "https://dofdemfeqkgc0.cloudfront.net/template-images/bee/v.3/img/t-outline-circle-color/facebook.png"
                                                },
                                                "name": "facebook",
                                                "type": "follow",
                                                "text": ""
                                            },
                                            {
                                                "image": {
                                                    "title": "Twitter",
                                                    "prefix": "http://twitter.com/",
                                                    "href": "http://twitter.com/",
                                                    "alt": "Twitter",
                                                    "src": "https://dofdemfeqkgc0.cloudfront.net/template-images/bee/v.3/img/t-outline-circle-color/twitter.png"
                                                },
                                                "name": "twitter",
                                                "type": "follow",
                                                "text": ""
                                            },
                                            {
                                                "image": {
                                                    "title": "Instagram",
                                                    "prefix": "https://instagram.com/",
                                                    "href": "https://instagram.com/",
                                                    "alt": "Instagram",
                                                    "src": "https://dofdemfeqkgc0.cloudfront.net/template-images/bee/v.3/img/t-outline-circle-color/instagram@2x.png"
                                                },
                                                "name": "instagram",
                                                "type": "follow",
                                                "text": ""
                                            }
                                        ]
                                    }
                                }
                            },
                            {
                                "locked": false,
                                "type": "mailup-bee-newsletter-modules-text",
                                "descriptor": {
                                    "style": {
                                        "padding-bottom": "10px",
                                        "padding-right": "10px",
                                        "padding-left": "10px",
                                        "padding-top": "15px"
                                    },
                                    "computedStyle": {
                                        "hideContentOnMobile": false
                                    },
                                    "text": {
                                        "style": {
                                            "font-family": "'Montserrat', 'Trebuchet MS', 'Lucida Grande', 'Lucida Sans Unicode', 'Lucida Sans', Tahoma, sans-serif",
                                            "line-height": "150%",
                                            "color": "#959595"
                                        },
                                        "html": "<div class=\"txtTinyMce-wrapper\" style=\"font-size: 12px; line-height: 18px; font-family: Montserrat, &quot;Trebuchet MS&quot;, &quot;Lucida Grande&quot;, &quot;Lucida Sans Unicode&quot;, &quot;Lucida Sans&quot;, Tahoma, sans-serif;\" data-mce-style=\"font-size: 12px; line-height: 18px; font-family: Montserrat, &quot;Trebuchet MS&quot;, &quot;Lucida Grande&quot;, &quot;Lucida Sans Unicode&quot;, &quot;Lucida Sans&quot;, Tahoma, sans-serif;\"><p style=\"font-size: 14px; line-height: 21px; text-align: center;\" data-mce-style=\"font-size: 14px; line-height: 21px; text-align: center;\">Your Company \u00a9 All rights reserved</p></div>",
                                        "computedStyle": {
                                            "linkColor": "#CF66FF"
                                        }
                                    }
                                }
                            }
                        ],
                        "grid-columns": 12
                    }
                ],
                "type": "one-column-empty"
            }
        ],
        "body": {
            "webFonts": [
                {
                    "url": "https://fonts.googleapis.com/css?family=Montserrat",
                    "name": "Montserrat",
                    "fontFamily": "'Montserrat', 'Trebuchet MS', 'Lucida Grande', 'Lucida Sans Unicode', 'Lucida Sans', Tahoma, sans-serif"
                }
            ],
            "content": {
                "style": {
                    "font-family": "Arial, 'Helvetica Neue', Helvetica, sans-serif",
                    "color": "#000000"
                },
                "computedStyle": {
                    "messageBackgroundColor": "transparent",
                    "linkColor": "#CF66FF",
                    "messageWidth": "675px"
                }
            },
            "container": {
                "style": {
                    "background-color": "#FFFFFF"
                }
            },
            "type": "mailup-bee-page-properties"
        }
    }
}
